imgrv_nome;imgrv_desc
A;ABECEDARIO
AA;ABECEDARIO
AAA;ABECEDARIO
B;ABECEDARIO
BB;ABECEDARIO
BBB;ABECEDARIO
C;ABECEDARIO
CC;ABECEDARIO
CCC;ABECEDARIO
D;ABECEDARIO
DD;ABECEDARIO
DDD;ABECEDARIO
E;ABECEDARIO
EE;ABECEDARIO
EEE;ABECEDARIO
F;ABECEDARIO
FF;ABECEDARIO
FFF;ABECEDARIO
G;ABECEDARIO
GG;ABECEDARIO
GGG;ABECEDARIO
H;ABECEDARIO
HH;ABECEDARIO
HHH;ABECEDARIO
I;ABECEDARIO
II;ABECEDARIO
III;ABECEDARIO
J;ABECEDARIO
JJ;ABECEDARIO
JJJ;ABECEDARIO
K;ABECEDARIO
KK;ABECEDARIO
KKK;ABECEDARIO
L;ABECEDARIO
LL;ABECEDARIO
LLL;ABECEDARIO
M;ABECEDARIO
MM;ABECEDARIO
MMM;ABECEDARIO
N;ABECEDARIO
NN;ABECEDARIO
NNN;ABECEDARIO
O;ABECEDARIO
OO;ABECEDARIO
OOO;ABECEDARIO
P;ABECEDARIO
PP;ABECEDARIO
PPP;ABECEDARIO
Q;ABECEDARIO
